<?xml version="1.0" ?>
<XML_DIZ_INFO>
	<MASTER_PAD_VERSION_INFO>
		<MASTER_PAD_VERSION>3.11</MASTER_PAD_VERSION>
		<MASTER_PAD_EDITOR>PADGen 3.1.1.51 http://www.padgen.org</MASTER_PAD_EDITOR>
		<MASTER_PAD_INFO>Portable Application Description, or PAD for short, is a data set that is used by shareware authors to disseminate information to anyone interested in their software products. To find out more go to http://pad.asp-software.org</MASTER_PAD_INFO>
	</MASTER_PAD_VERSION_INFO>
	<Company_Info>
		<Company_Name>IpCamSoft</Company_Name>
		<Address_1>13730 Mulberry Dr</Address_1>
		<Address_2 />
		<City_Town>Whittier</City_Town>
		<State_Province>California</State_Province>
		<Zip_Postal_Code>90605</Zip_Postal_Code>
		<Country>USA</Country>
		<Company_WebSite_URL>http://ipcamsoft.com</Company_WebSite_URL>
		<Contact_Info>
			<Author_First_Name>Kathy</Author_First_Name>
			<Author_Last_Name>Tran</Author_Last_Name>
			<Author_Email>Kathy@ipcamsoft.com</Author_Email>
			<Contact_First_Name>Kathy</Contact_First_Name>
			<Contact_Last_Name>Tran</Contact_Last_Name>
			<Contact_Email>kathy@ipcamsoft.com</Contact_Email>
		</Contact_Info>
		<Support_Info>
			<Sales_Email />
			<Support_Email>support@ipcamsoft.com</Support_Email>
			<General_Email>support@ipcamsoft.com</General_Email>
			<Sales_Phone />
			<Support_Phone />
			<General_Phone />
			<Fax_Phone />
		</Support_Info>
	</Company_Info>
	<Program_Info>
		<Program_Name>Cash Register</Program_Name>
		<Program_Version>2.0.5.3</Program_Version>
		<Program_Release_Month>1</Program_Release_Month>
		<Program_Release_Day>15</Program_Release_Day>
		<Program_Release_Year>2020</Program_Release_Year>
		<Program_Cost_Dollars>19.99</Program_Cost_Dollars>
		<Program_Cost_Other_Code />
		<Program_Cost_Other />
		<Program_Type>Shareware</Program_Type>
		<Program_Release_Status>New Release</Program_Release_Status>
		<Program_Install_Support>Install Only</Program_Install_Support>
		<Program_OS_Support>Win7 x32,Win7 x64,WinVista,WinVista x64</Program_OS_Support>
		<Program_Language>English</Program_Language>
		<Program_Change_Info />
		<Program_Specific_Category>Business</Program_Specific_Category>
		<Program_Category_Class>Business::Other</Program_Category_Class>
		<Program_System_Requirements />
		<File_Info>
			<File_Size_Bytes>14865968</File_Size_Bytes>
			<File_Size_K>14518</File_Size_K>
			<File_Size_MB>14.1</File_Size_MB>
		</File_Info>
		<Expire_Info>
			<Has_Expire_Info>N</Has_Expire_Info>
			<Expire_Count />
			<Expire_Based_On>Either/Or</Expire_Based_On>
			<Expire_Other_Info />
			<Expire_Month />
			<Expire_Day />
			<Expire_Year />
		</Expire_Info>
	</Program_Info>
	<Program_Descriptions>
		<English>
			<Keywords>cash register software, cash register windows, sale software,sale manager software. pos system</Keywords>
			<Char_Desc_45>works as a cash register/inventory system.</Char_Desc_45>
			<Char_Desc_80>keep track of your inventory and sell your products using your computer.</Char_Desc_80>
			<Char_Desc_250>Cash Register provides all of the functionalities that you need to keep track of your inventory and sell your products using your computers as a cash register/inventory system. This desktop version runs on Microsoft Windows Vista or higher.</Char_Desc_250>
			<Char_Desc_450>Are you just looking for a Windows cash register software for you shop?  Cash Register provides all of the functionalities that you need to keep track of your inventory and sell your products using your computers as a cash register/inventory system. This desktop version runs on Microsoft Windows Vista or higher.</Char_Desc_450>
			<Char_Desc_2000>Are you just looking for a Windows cash register software for you shop?  Cash Register provides all of the functionalities that you need to keep track of your inventory and sell your products using your computers as a cash register/inventory system. This desktop version runs on Microsoft Windows Vista or higher. 
Features Include: - Cash Register: Calculate transaction totals just like a regular cash register machine. 
- Barcode scanner: Allow you to enter your product by using barcode scanner machine.
 - Custom Tax rates: Allow you to enter your state/country tax rate.
 - Product Inventory: You can keep track of what you are selling. 
- Reporting: Show sales report by day, month or year. 
- Charting: Show inventory and profit by month or year.
 - User friendly: Easy and simple user interface.</Char_Desc_2000>
		</English>
	</Program_Descriptions>
	<Web_Info>
		<Application_URLs>
			<Application_Info_URL>http://ipcamsoft.com/?index&amp;desktop&amp;software=purchaseCashRegister</Application_Info_URL>
			<Application_Order_URL>http://ipcamsoft.com/?index&amp;desktop&amp;software=purchaseCashRegister</Application_Order_URL>
			<Application_Screenshot_URL>http://ipcamsoft.com/CashRegister/screenshot.jpg</Application_Screenshot_URL>
			<Application_Icon_URL>http://ipcamsoft.com/CashRegister/Cashier.png</Application_Icon_URL>
			<Application_XML_File_URL>http://ipcamsoft.com/padfiles/cash%20register.xml</Application_XML_File_URL>
		</Application_URLs>
		<Download_URLs>
			<Primary_Download_URL>http://ipcamsoft.com/zipped/Cash%20Register%202.0.5.3.exe</Primary_Download_URL>
			<Secondary_Download_URL />
			<Additional_Download_URL_1 />
			<Additional_Download_URL_2 />
		</Download_URLs>
	</Web_Info>
	<Permissions>
		<Distribution_Permissions />
		<EULA />
	</Permissions>
	<Affiliates>
		<Affiliates_FORM>Y</Affiliates_FORM>
		<Affiliates_VERSION>1.4</Affiliates_VERSION>
		<Affiliates_URL>http://pad.asp-software.org/extensions/Affiliates.htm</Affiliates_URL>
		<Affiliates_Information_Page />
		<Affiliates_Avangate_Order_Page />
		<Affiliates_Avangate_Vendor_ID />
		<Affiliates_Avangate_Product_ID />
		<Affiliates_Avangate_Maximum_Commission_Rate />
		<Affiliates_BMTMicro_Order_Page />
		<Affiliates_BMTMicro_Vendor_ID />
		<Affiliates_BMTMicro_Product_ID />
		<Affiliates_BMTMicro_Maximum_Commission_Rate />
		<Affiliates_Cleverbridge_Order_Page />
		<Affiliates_Cleverbridge_Vendor_ID />
		<Affiliates_Cleverbridge_Product_ID />
		<Affiliates_Cleverbridge_Maximum_Commission_Rate />
		<Affiliates_clixGalore_Order_Page />
		<Affiliates_clixGalore_Vendor_ID />
		<Affiliates_clixGalore_Product_ID />
		<Affiliates_clixGalore_Maximum_Commission_Rate />
		<Affiliates_CommissionJunction_Order_Page />
		<Affiliates_CommissionJunction_Vendor_ID />
		<Affiliates_CommissionJunction_Product_ID />
		<Affiliates_CommissionJunction_Maximum_Commission_Rate />
		<Affiliates_DigiBuy_Order_Page />
		<Affiliates_DigiBuy_Vendor_ID />
		<Affiliates_DigiBuy_Product_ID />
		<Affiliates_DigiBuy_Maximum_Commission_Rate />
		<Affiliates_DigitalCandle_Order_Page />
		<Affiliates_DigitalCandle_Vendor_ID />
		<Affiliates_DigitalCandle_Product_ID />
		<Affiliates_DigitalCandle_Maximum_Commission_Rate />
		<Affiliates_Emetrix_Order_Page />
		<Affiliates_Emetrix_Vendor_ID />
		<Affiliates_Emetrix_Product_ID />
		<Affiliates_Emetrix_Maximum_Commission_Rate />
		<Affiliates_eSellerate_Order_Page />
		<Affiliates_eSellerate_Vendor_ID />
		<Affiliates_eSellerate_Product_ID />
		<Affiliates_eSellerate_Maximum_Commission_Rate />
		<Affiliates_iPortis_Order_Page />
		<Affiliates_iPortis_Vendor_ID />
		<Affiliates_iPortis_Product_ID />
		<Affiliates_iPortis_Maximum_Commission_Rate />
		<Affiliates_Kagi_Order_Page />
		<Affiliates_Kagi_Vendor_ID />
		<Affiliates_Kagi_Product_ID />
		<Affiliates_Kagi_Maximum_Commission_Rate />
		<Affiliates_LinkShare_Order_Page />
		<Affiliates_LinkShare_Vendor_ID />
		<Affiliates_LinkShare_Product_ID />
		<Affiliates_LinkShare_Maximum_Commission_Rate />
		<Affiliates_NorthStarSol_Order_Page />
		<Affiliates_NorthStarSol_Vendor_ID />
		<Affiliates_NorthStarSol_Product_ID />
		<Affiliates_NorthStarSol_Maximum_Commission_Rate />
		<Affiliates_OneNetworkDirect_Order_Page />
		<Affiliates_OneNetworkDirect_Vendor_ID />
		<Affiliates_OneNetworkDirect_Product_ID />
		<Affiliates_OneNetworkDirect_Maximum_Commission_Rate />
		<Affiliates_Order1_Order_Page />
		<Affiliates_Order1_Vendor_ID />
		<Affiliates_Order1_Product_ID />
		<Affiliates_Order1_Maximum_Commission_Rate />
		<Affiliates_Osolis_Order_Page />
		<Affiliates_Osolis_Vendor_ID />
		<Affiliates_Osolis_Product_ID />
		<Affiliates_Osolis_Maximum_Commission_Rate />
		<Affiliates_Plimus_Order_Page />
		<Affiliates_Plimus_Vendor_ID />
		<Affiliates_Plimus_Product_ID />
		<Affiliates_Plimus_Maximum_Commission_Rate />
		<Affiliates_Regnet_Order_Page />
		<Affiliates_Regnet_Vendor_ID />
		<Affiliates_Regnet_Product_ID />
		<Affiliates_Regnet_Maximum_Commission_Rate />
		<Affiliates_Regnow_Order_Page />
		<Affiliates_Regnow_Vendor_ID />
		<Affiliates_Regnow_Product_ID />
		<Affiliates_Regnow_Maximum_Commission_Rate />
		<Affiliates_Regsoft_Order_Page />
		<Affiliates_Regsoft_Vendor_ID />
		<Affiliates_Regsoft_Product_ID />
		<Affiliates_Regsoft_Maximum_Commission_Rate />
		<Affiliates_ShareIt_Order_Page />
		<Affiliates_ShareIt_Vendor_ID />
		<Affiliates_ShareIt_Product_ID />
		<Affiliates_ShareIt_Maximum_Commission_Rate />
		<Affiliates_Shareasale_Order_Page />
		<Affiliates_Shareasale_Vendor_ID />
		<Affiliates_Shareasale_Product_ID />
		<Affiliates_Shareasale_Maximum_Commission_Rate />
		<Affiliates_SWReg_Order_Page />
		<Affiliates_SWReg_Vendor_ID />
		<Affiliates_SWReg_Product_ID />
		<Affiliates_SWReg_Maximum_Commission_Rate />
		<Affiliates_V-Share_Order_Page />
		<Affiliates_V-Share_Vendor_ID />
		<Affiliates_V-Share_Product_ID />
		<Affiliates_V-Share_Maximum_Commission_Rate />
		<Affiliates_VFree_Order_Page />
		<Affiliates_VFree_Vendor_ID />
		<Affiliates_VFree_Product_ID />
		<Affiliates_VFree_Maximum_Commission_Rate />
		<Affiliates_Yaskifo_Order_Page />
		<Affiliates_Yaskifo_Vendor_ID />
		<Affiliates_Yaskifo_Product_ID />
		<Affiliates_Yaskifo_Maximum_Commission_Rate />
	</Affiliates>
	<ASP>
		<ASP_FORM>Y</ASP_FORM>
		<ASP_Member>N</ASP_Member>
		<ASP_Member_Number />
	</ASP>
</XML_DIZ_INFO>
